{
    "C_cp": 14.67571353398494,
    "Core_Centrality": 32.56330904129646
}