{
    "node_count": 1408,
    "edge_count": 6159,
    "average_degree": 8.748579545454545,
    "density": 0.006217895910060089,
    "average_clustering_coefficient": 0.4477778741475669,
    "average_shortest_path_length": null,
    "degree_centrality_max": 0.05543710021321961,
    "degree_centrality_avg": 0.006217895910060028,
    "betweenness_centrality_max": 0.12083102914235337,
    "betweenness_centrality_avg": 0.0021496911778235467,
    "closeness_centrality_max": 0.21813141151668172,
    "closeness_centrality_avg": 0.11273389241357436,
    "eigenvector_centrality_max": 0.18493193510743924,
    "eigenvector_centrality_avg": 0.0077044382110551405
}