{
    "node_count": 62,
    "edge_count": 159,
    "average_degree": 5.129032258064516,
    "density": 0.08408249603384453,
    "average_clustering_coefficient": 0.2589582460550202,
    "average_shortest_path_length": 3.3569539925965097,
    "degree_centrality_max": 0.19672131147540983,
    "degree_centrality_avg": 0.08408249603384448,
    "betweenness_centrality_max": 0.24823719602893804,
    "betweenness_centrality_avg": 0.03928256654327515,
    "closeness_centrality_max": 0.4178082191780822,
    "closeness_centrality_avg": 0.3072399734866518,
    "eigenvector_centrality_max": 0.31558629638157765,
    "eigenvector_centrality_avg": 0.09118248125786664
}