{
    "node_count": 189,
    "edge_count": 400,
    "average_degree": 4.232804232804233,
    "density": 0.02251491613193741,
    "average_clustering_coefficient": 0.2874942694796677,
    "average_shortest_path_length": 3.44253067657323,
    "degree_centrality_max": 0.13297872340425532,
    "degree_centrality_avg": 0.02251491613193737,
    "betweenness_centrality_max": 0.27670015457186403,
    "betweenness_centrality_avg": 0.01306166137204936,
    "closeness_centrality_max": 0.4302059496567506,
    "closeness_centrality_avg": 0.296856747628832,
    "eigenvector_centrality_max": 0.2781709984201153,
    "eigenvector_centrality_avg": 0.038535540375359355
}