{
    "node_count": 235,
    "edge_count": 1297,
    "average_degree": 11.038297872340426,
    "density": 0.04717221312965994,
    "average_clustering_coefficient": 0.5578610217316134,
    "average_shortest_path_length": 2.3180578286961264,
    "degree_centrality_max": 0.5555555555555556,
    "degree_centrality_avg": 0.047172213129659864,
    "betweenness_centrality_max": 0.27194468010733364,
    "betweenness_centrality_avg": 0.0056569005523438905,
    "closeness_centrality_max": 0.6923076923076923,
    "closeness_centrality_avg": 0.43891200561942256,
    "eigenvector_centrality_max": 0.27851660065660433,
    "eigenvector_centrality_avg": 0.04407856108490386
}