{
    "node_count": 238,
    "edge_count": 5539,
    "average_degree": 46.54621848739496,
    "density": 0.19639754636031628,
    "average_clustering_coefficient": 0.5595585328496339,
    "average_shortest_path_length": 1.9405382406127007,
    "degree_centrality_max": 0.3713080168776371,
    "degree_centrality_avg": 0.19639754636031628,
    "betweenness_centrality_max": 0.019631262842579086,
    "betweenness_centrality_avg": 0.0039853315280199185,
    "closeness_centrality_max": 0.6124031007751938,
    "closeness_centrality_avg": 0.521376474561078,
    "eigenvector_centrality_max": 0.11524449187861349,
    "eigenvector_centrality_avg": 0.057169204799448245
}