{
    "node_count": 40,
    "edge_count": 345,
    "average_degree": 17.25,
    "density": 0.4423076923076923,
    "average_clustering_coefficient": 0.8532388663967613,
    "average_shortest_path_length": 1.5576923076923077,
    "degree_centrality_max": 1.0,
    "degree_centrality_avg": 0.4423076923076916,
    "betweenness_centrality_max": 0.05870445344129557,
    "betweenness_centrality_avg": 0.014676113360323897,
    "closeness_centrality_max": 1.0,
    "closeness_centrality_avg": 0.6801470588235299,
    "eigenvector_centrality_max": 0.2501071072348631,
    "eigenvector_centrality_avg": 0.14631941697322617
}