{
    "node_count": 235,
    "edge_count": 1297,
    "average_degree": 11.038297872340426,
    "density": 0.04717221312965994,
    "average_clustering_coefficient": 0.5578610217316134,
    "average_shortest_path_length": 2.3180578286961264,
    "degree_centrality_max": 0.5555555555555556,
    "degree_centrality_avg": 0.047172213129659864,
    "betweenness_centrality_max": 0.2719446801073337,
    "betweenness_centrality_avg": 0.00565690055234389,
    "closeness_centrality_max": 0.6923076923076923,
    "closeness_centrality_avg": 0.43891200561942256,
    "eigenvector_centrality_max": 0.2787074826400464,
    "eigenvector_centrality_avg": 0.04406312270847604
}